bdr_g,p_g,bdr_h,p_h,vac,expenses,revenue,income
0,0,4,0,0.0,1613.67,0.0,-1613.67
0,0,4,20,0.25,1613.67,312.5,-1301.17
0,0,4,40,0.15,1613.67,1468.3333333333335,-145.3366666666666
0,0,4,70,0.125,1613.67,3126.0416666666665,1512.3716666666664
1,80,4,70,0.125,1613.67,4190.625,2576.955
